title,url,author,date
Import: Appsec,https://medium.com/@SagivPeer/import-appsec-261e52c3d2d5?source=rss------application_security-5,Sagiv Peer,2022-11-21T19:30:36.896Z
Top 10 Web Application Security Solutions,https://makendrang.medium.com/top-10-web-application-security-solutions-e38b7416557?source=rss------application_security-5,Makendran G,2022-11-20T09:41:37.630Z
How Can You Improve Yourself on Web Application Security?,https://medium.com/databulls/how-can-you-improve-yourself-on-web-application-security-e0d65f441e8f?source=rss------application_security-5,Ismail Tasdelen,2022-11-22T09:50:31.168Z
Establishing Application Security Visibility,https://medium.com/@stephen-knight/establishing-application-security-visibility-c69c68e16d47?source=rss------application_security-5,Stephen Knight,2022-11-17T14:53:57.744Z
How proactive API visibility could have saved Optus from a massive data breach,https://privado-ai.medium.com/how-proactive-api-visibility-could-have-saved-optus-from-a-massive-data-breach-be49fc54ee40?source=rss------application_security-5,Privado.ai,2022-11-16T11:58:05.382Z
Putting the Sec in DevSecOps,https://blog.devgenius.io/putting-the-sec-in-devsecops-3e4f33eb5cc8?source=rss------application_security-5,Manning Publications,2022-11-17T08:44:08.669Z
AWS Secrets Manager vs. SSM Parameter Store,https://medium.com/cloud-security/aws-secrets-manager-vs-ssm-parameter-store-a765fe09f5f0?source=rss------application_security-5,Teri Radichel,2022-11-23T16:40:23.379Z
Unsuspecting Data Leaks: A healthtech nightmare,https://privado-ai.medium.com/unsuspecting-data-leaks-a-healthtech-nightmare-b654eea2408c?source=rss------application_security-5,Privado.ai,2022-11-16T12:03:04.717Z
OWASP TOP 10,https://medium.com/elevator-pitches/owasp-top-10-8f0e4a919bf8?source=rss------application_security-5,Me Writes,2022-11-21T01:39:59.752Z
Providence of Code,https://travishoyt.medium.com/providence-of-code-72fd47a81dde?source=rss------hacking-5,Travis Hoyt,2022-11-24T08:43:46.277Z
Deliver full stack applications like a senior with low code [React+urql+GraphQL+Agoston] — Part 2,https://medium.com/@nicolas_penot/deliver-full-stack-applications-like-a-senior-with-low-code-react-urql-graphql-agoston-part-2-10f9cf6c8dcd?source=rss------hacking-5,Nicolas Penot,2022-11-24T08:38:03.035Z
Tryhackme — Skynet ( CTF),https://medium.com/@Aur3lius/tryhackme-skynet-ctf-6a16ec0567fa?source=rss------hacking-5,Aurelius,2022-11-24T08:19:29.647Z
Indian analogue of Twitter with a funny name broke due to the influx of pranksters from Brazil,https://medium.com/@shladkov/indian-analogue-of-twitter-with-a-funny-name-broke-due-to-the-influx-of-pranksters-from-brazil-93ff79dffbd9?source=rss------hacking-5,Alex Shladkov,2022-11-24T07:48:15.258Z
OWASP Security,https://janisagar.medium.com/owasp-security-ba8cd05f4fd7?source=rss------hacking-5,Sagar Jani,2022-11-24T04:11:55.348Z
"DraftKings gamblers lose $300,000 to credential stuffing attack",https://medium.com/@spixnet.gmbh/draftkings-gamblers-lose-300-000-to-credential-stuffing-attack-8564117961de?source=rss------hacking-5,Spixnet Gmbh,2022-11-24T04:02:56.643Z
OWASP API Security — B,https://janisagar.medium.com/owasp-api-security-b-aa1fddceae39?source=rss------hacking-5,Sagar Jani,2022-11-24T04:12:53.371Z
%100 Untraceable PayPal Bank wU Cashapp Venmo transfer blank atm and credit cards 2022 BTC Wallet…,https://medium.com/@amanda247foley/100-untraceable-paypal-bank-wu-cashapp-venmo-transfer-blank-atm-and-credit-cards-2022-btc-wallet-b852bfde2776?source=rss------hacking-5,Amandafoley,2022-11-24T01:27:21.849Z
Hackers breach energy orgs via bugs in discontinued web server,https://medium.com/@spixnet.gmbh/hackers-breach-energy-orgs-via-bugs-in-discontinued-web-server-b767088a6cdd?source=rss------hacking-5,Spixnet Gmbh,2022-11-24T00:01:57.310Z
How private are your phone conversations and text message?,https://medium.com/@dazzledave/how-private-are-your-phone-conversations-and-text-message-56cdbf8c99ff?source=rss------hacking-5,David Gomado,2022-11-23T23:05:45.309Z
On the Wire — Hacktoria Contract Walkthrough,https://earthtoyash.medium.com/on-the-wire-hacktoria-contract-walkthrough-6aed4a019047?source=rss------infosec-5,Yashwant Singh,2022-11-23T19:12:13.951Z
Capture The Flag Challenge,https://socfortress.medium.com/capture-the-flag-challenge-46b58d170e43?source=rss------infosec-5,SOCFortress,2022-11-23T15:28:57.303Z
The Role of SOC teams in Securing your Organization,https://sennovate.medium.com/the-role-of-soc-teams-in-securing-your-organization-19feed68ebd4?source=rss------infosec-5,Sennovate,2022-11-23T13:32:39.197Z
Red Team vs Blue Team vs Purple Team,https://medium.com/@techeducative/red-team-vs-blue-team-vs-purple-team-157c18c7980a?source=rss------infosec-5,TechEducative,2022-11-23T11:11:56.596Z
Klumgongyn return — Hacktoria Contract Walkthrough,https://earthtoyash.medium.com/klumgongyn-return-hacktoria-contract-walkthrough-acba5440183a?source=rss------infosec-5,Yashwant Singh,2022-11-23T02:41:56.935Z
"I followed myself, for months, through Apple’s Find My network",https://medium.com/@stephanjanssen/i-followed-myself-for-months-through-apples-find-my-network-95b7d6f2e8b1?source=rss------infosec-5,Stephan Janssen,2022-11-22T21:17:22.381Z
Interesting Stored XSS via meta data,https://medium.com/pentesternepal/interesting-stored-xss-via-meta-data-eb8fe1de8b33?source=rss------infosec-5,Veshraj Ghimire,2022-11-22T18:14:13.327Z
"We Asked 5 Celebrities What Their Favorite Internet-Exposed Dashboard Was, And You’re Not Going To…",https://ycamper.medium.com/we-asked-5-celebrities-what-their-favorite-internet-exposed-dashboard-was-and-youre-not-going-to-e7009870b76f?source=rss------infosec-5,ycamper,2022-11-22T18:58:47.045Z
The Best of Venture in Security,https://medium.com/@rosshaleliuk/the-best-of-venture-in-security-fc5720668eb5?source=rss------infosec-5,Ross Haleliuk,2022-11-22T16:28:37.326Z
MDMA E PILLOLE DI ECSTASY.,https://medium.com/@faibryan50/mdma-e-pillole-di-ecstasy-6b63fe8f3c8f?source=rss------cybersecurity-5,Faibryan,2022-11-24T09:33:10.461Z
The Lowdown on How to Avoid Con Artists,https://georgejziogas.medium.com/the-lowdown-on-how-to-avoid-con-artists-8d653ab6492e?source=rss------cybersecurity-5,George J. Ziogas,2022-11-24T09:26:33.998Z
VirtualBox et Kali : Débuter en Cybersécurité,https://medium.com/@valonrexhepi/virtualbox-et-kali-d%C3%A9buter-en-cybers%C3%A9curit%C3%A9-bee485347b09?source=rss------cybersecurity-5,Valon Rexhepi,2022-11-24T09:02:50.581Z
TABLETE MDMA I ECSTASY.,https://medium.com/@faibryan50/tablete-mdma-i-ecstasy-4794639e7f63?source=rss------cybersecurity-5,Faibryan,2022-11-24T08:36:51.425Z
Top 10 Exploited Vulnerabilities in 2022,https://immuniweb.medium.com/top-10-exploited-vulnerabilities-in-2022-d8d81b831f67?source=rss------cybersecurity-5,ImmuniWeb,2022-11-24T08:14:15.978Z
Cyberangriffe auf veraltete Zutrittskontrollsysteme,https://medium.com/@spixnet.gmbh/cyberangriffe-auf-veraltete-zutrittskontrollsysteme-daab443dddb8?source=rss------cybersecurity-5,Spixnet Gmbh,2022-11-24T08:04:39.777Z
Cybersicherheit — raus aus den Silos,https://medium.com/@spixnet.gmbh/cybersicherheit-raus-aus-den-silos-611929bce6e2?source=rss------cybersecurity-5,Spixnet Gmbh,2022-11-24T07:02:47.780Z
Noname launches Recon — The Easiest Way To Secure Your APIs,https://medium.com/@NewGens/noname-launches-recon-the-easiest-way-to-secure-your-apis-cd16f90dd153?source=rss------cybersecurity-5,NewGens,2022-11-24T05:30:40.633Z
Celebrity Cybersecurity And Reputation,https://alanwsilberberg.medium.com/celebrity-cybersecurity-and-reputation-62dd249b69c9?source=rss------cybersecurity-5,Alan W. Silberberg,2022-11-24T05:27:42.997Z
TryHackMe Daily Bugle Writeup,https://medium.com/@amirkartik.ak/tryhackme-daily-bugle-writeup-5ab7839f4fdd?source=rss------ctf-5,Amir kartik,2022-11-24T09:41:23.440Z
Tryhackme — Skynet ( CTF),https://medium.com/@Aur3lius/tryhackme-skynet-ctf-6a16ec0567fa?source=rss------ctf-5,Aurelius,2022-11-24T08:19:29.647Z
On the Wire — Hacktoria Contract Walkthrough,https://earthtoyash.medium.com/on-the-wire-hacktoria-contract-walkthrough-6aed4a019047?source=rss------ctf-5,Yashwant Singh,2022-11-23T19:12:13.951Z
TryHackMe Skynet Writeup,https://medium.com/@amirkartik.ak/tryhackme-skynet-writeup-2913feb286c7?source=rss------ctf-5,Amir kartik,2022-11-23T12:48:47.350Z
TRYHACKME: AnonForce(writeup),https://systemweakness.com/tryhackme-anonforce-writeup-507eca11b16d?source=rss------ctf-5,Ali AK,2022-11-23T12:28:00.315Z
Klumgongyn return — Hacktoria Contract Walkthrough,https://earthtoyash.medium.com/klumgongyn-return-hacktoria-contract-walkthrough-acba5440183a?source=rss------ctf-5,Yashwant Singh,2022-11-23T02:41:56.935Z
TryHackMe Net Sec Challenge Writeup,https://medium.com/@amirkartik.ak/tryhackme-net-sec-challenge-writeup-2c9a0642e46f?source=rss------ctf-5,Amir kartik,2022-11-22T14:46:12.868Z
TryHackMe Pickle Rick Writeup,https://medium.com/@amirkartik.ak/tryhackme-pickle-rick-ctf-b7e37896a9e1?source=rss------ctf-5,Amir kartik,2022-11-22T14:51:00.726Z
Resolute — Hack The Box,https://aliusmanclay67.medium.com/resolute-hack-the-box-ae7f8f68c78a?source=rss------ctf-5,Aliusmanclay67,2022-11-22T09:38:51.218Z
Chill Hack,https://systemweakness.com/thm-chill-hack-ac9bfddd7e76?source=rss------ctf-5,gh0stsh3ll5619,2022-11-22T14:22:27.109Z
OAuth and the flaws in its implementation,https://medium.com/@capturethebugs/oauth-and-the-flaws-in-its-implementation-be750d9e613c?source=rss------penetration_testing-5,Capture The Bug,2022-11-24T09:43:43.281Z
PNPT: Practical Network Penetration Tester Review,https://javy26.medium.com/pnpt-practical-network-penetration-tester-review-f7603290de7a?source=rss------penetration_testing-5,Jevon Davis,2022-11-23T16:48:55.092Z
introduction and usage nessus vulnerability scanner in kali linux,https://medium.com/@abhijithmr/introduction-and-usage-nessus-vulnerability-scanner-in-kali-linux-71871acea1fa?source=rss------penetration_testing-5,Abhijith mr,2022-11-23T14:33:02.585Z
THE ANATOMY OF KERBEROS AUTHENTICATION (AD BASICS 0x1),https://infosecwriteups.com/the-anatomy-of-kerberos-authentication-ad-basics-0x1-1532305a18a3?source=rss------penetration_testing-5,Hashar Mujahid,2022-11-23T11:41:16.301Z
Red Team vs Blue Team vs Purple Team,https://medium.com/@techeducative/red-team-vs-blue-team-vs-purple-team-157c18c7980a?source=rss------penetration_testing-5,TechEducative,2022-11-23T11:11:56.596Z
Uber Aja Dibobol Apalagi Data Pribadimu! Yuk Amankan Mulai Sekarang!,https://medium.com/@syahruldwihilda/uber-aja-dibobol-apalagi-data-pribadimu-yuk-amankan-mulai-sekarang-c4f9be69947?source=rss------penetration_testing-5,Syahrul Dwi Hilda,2022-11-23T10:02:52.728Z
"Sosial Mühəndislik hücumunun təyini, onun hücum texnikaları və ona qarşı görülən tədbirlər.",https://medium.com/@sekhavet.suleymanli/sosial-m%C3%BCh%C9%99ndislik-h%C3%BCcumunun-t%C9%99yini-onun-h%C3%BCcum-texnikalar%C4%B1-v%C9%99-ona-qar%C5%9F%C4%B1-g%C3%B6r%C3%BCl%C9%99n-t%C9%99dbirl%C9%99r-152b5e8e1cc0?source=rss------penetration_testing-5,Səxavət Süleymanlı,2022-11-23T06:44:14.520Z
How To Exploit CSRF In DVWA — StackZero,https://infosecwriteups.com/how-to-exploit-csrf-in-dvwa-stackzero-bf1b6b557d85?source=rss------penetration_testing-5,StackZero,2022-11-23T18:56:11.196Z
Chill Hack,https://systemweakness.com/thm-chill-hack-ac9bfddd7e76?source=rss------penetration_testing-5,gh0stsh3ll5619,2022-11-22T14:22:27.109Z
Nmap for PenTester,https://medium.com/@rajeevranjancom/nmap-for-pentester-2ad0b4e9ec?source=rss------penetration_testing-5,Rajeev Ranjan,2022-11-22T06:29:30.384Z
HackTheBox — TartarSauce Writeup,https://sparshjazz.medium.com/hackthebox-tartarsauce-writeup-8bb3891407cd?source=rss------writeup-5,ZeusCybersec,2022-11-22T09:01:37.971Z
Write-up: Unprotected admin functionality @ PortSwigger Academy,https://infosecwriteups.com/write-up-unprotected-admin-functionality-portswigger-academy-d5804e3bb65?source=rss------writeup-5,Frank Leitner,2022-11-22T08:01:56.502Z
Write-up: Basic server-side template injection @ PortSwigger Academy,https://infosecwriteups.com/write-up-basic-server-side-template-injection-portswigger-academy-8e74931c6bd7?source=rss------writeup-5,Frank Leitner,2022-11-21T16:31:33.663Z
Write-up: Reflected XSS into HTML context with nothing encoded @ PortSwigger Academy,https://infosecwriteups.com/write-up-reflected-xss-into-html-context-with-nothing-encoded-portswigger-academy-c45e7e53c775?source=rss------writeup-5,Frank Leitner,2022-11-20T19:08:30.106Z
HackTheBox — LaCasaDePapel Writeup,https://sparshjazz.medium.com/hackthebox-lacasadepapel-writeup-66bc500a2e5a?source=rss------writeup-5,ZeusCybersec,2022-11-22T15:15:35.971Z
Portswigger’s lab write up: Clickjacking with a frame buster script,https://medium.com/@artofcode_/portswiggers-lab-write-up-clickjacking-with-a-frame-buster-script-23f7322bb4a3?source=rss------writeup-5,Art Of Code,2022-11-19T03:31:01.054Z
[picoCTF 2021] Stonks,https://zachwong02.medium.com/picoctf-2021-stonks-beaeef7447ae?source=rss------writeup-5,zachwong_02,2022-11-21T12:10:44.786Z
Writeup Bug Sistem Informasi Milik Dispendukcapil Kota Pasuruan,https://medium.com/@mnovel78/writeup-bug-sistem-milik-dispendukcapil-kota-pasuruan-761a0768fca2?source=rss------writeup-5,Muhammad Novel,2022-11-16T17:40:31.920Z
Proving Grounds Play InfoSecPrep Walkthrough — Offensive Security,https://medium.com/@scanor/proving-grounds-play-infosecprep-walkthrough-offensive-security-7427ac1f51cf?source=rss------writeup-5,Scanor,2022-11-16T16:39:25.120Z
TryHackMe Daily Bugle Writeup,https://medium.com/@amirkartik.ak/tryhackme-daily-bugle-writeup-5ab7839f4fdd?source=rss------tryhackme-5,Amir kartik,2022-11-24T09:41:23.440Z
Tryhackme — Skynet ( CTF),https://medium.com/@Aur3lius/tryhackme-skynet-ctf-6a16ec0567fa?source=rss------tryhackme-5,Aurelius,2022-11-24T08:19:29.647Z
Windows Reversing Intro-TryHackMe,https://nehrunayak.medium.com/windows-reversing-intro-tryhackme-949b8ee2b789?source=rss------tryhackme-5,Nehru G,2022-11-23T21:34:41.004Z
Intro PoC Scripting -TryHackMe,https://nehrunayak.medium.com/intro-poc-scripting-tryhackme-d8d8e34d1c1b?source=rss------tryhackme-5,Nehru G,2022-11-23T21:07:11.869Z
Snort -TryHackMe,https://nehrunayak.medium.com/snort-tryhackme-56bd99492b58?source=rss------tryhackme-5,Nehru G,2022-11-23T19:17:41.316Z
SUSTAH — THM WALKTHROUGH,https://medium.com/@priyansh.visen321/sustah-thm-walkthrough-7f861d3edca5?source=rss------tryhackme-5,Priyansh Singh,2022-11-23T17:06:14.303Z
TryHackMe Skynet Writeup,https://medium.com/@amirkartik.ak/tryhackme-skynet-writeup-2913feb286c7?source=rss------tryhackme-5,Amir kartik,2022-11-23T12:48:47.350Z
TRYHACKME: AnonForce(writeup),https://systemweakness.com/tryhackme-anonforce-writeup-507eca11b16d?source=rss------tryhackme-5,Ali AK,2022-11-23T12:28:00.315Z
Windows Fundamentals,https://medium.com/@anubhavmohandas/windows-fundamentals-339e1d7036e?source=rss------tryhackme-5,Anubhav Mohandas,2022-11-22T16:18:07.815Z
TryHackMe Net Sec Challenge Writeup,https://medium.com/@amirkartik.ak/tryhackme-net-sec-challenge-writeup-2c9a0642e46f?source=rss------tryhackme-5,Amir kartik,2022-11-22T14:46:12.868Z
Mercury (VulnHub) Writeup,https://medium.com/@fmd.dfir/mercury-vulnhub-writeup-4863ec1fe973?source=rss------vulnhub-5,FMD DFIR,2022-11-23T15:56:39.404Z
VulnHub — EvilBox,https://secmig.medium.com/vulnhub-evilbox-2c46d1aca44a?source=rss------vulnhub-5,Miguel Redondo,2022-11-24T09:40:07.371Z
VulnHub — Sumo,https://secmig.medium.com/vulnhub-sumo-f3da4ae14392?source=rss------vulnhub-5,Miguel Redondo,2022-11-22T07:37:48.841Z
Venus (VulnHub) Writeup,https://medium.com/@fmd.dfir/venus-vulnhub-writeup-543fe474ed98?source=rss------vulnhub-5,FMD DFIR,2022-11-21T07:00:12.629Z
Vulnhub — The Planets: Mercury,https://medium.com/@btarigan/vulnhub-the-planets-mercury-2db1d8775b49?source=rss------vulnhub-5,btarigan,2022-11-16T11:42:13.316Z
Mr. Robot CTF Lab (Incomplete),https://medium.com/@eddieyon13/mr-robot-ctf-lab-incomplete-5cb0501034d9?source=rss------vulnhub-5,Eddie Yon III,2022-11-17T04:39:41.076Z
Vulnhub-Solstice,https://medium.com/@javierjhl73/vulnhub-solstice-4f25d4b23256?source=rss------vulnhub-5,Javier JHL73,2022-11-18T00:35:07.015Z
Vulnhub COLDDBOX : EASY full walkthrough,https://medium.com/@cs.a.sarkar/vulnhub-colddbox-easy-full-walkthrough-d08c36912fcd?source=rss------vulnhub-5,Neil AzaX,2022-11-15T05:03:44.363Z
Vulnhub — The Planets: Earth,https://medium.com/@btarigan/vulnhub-the-planets-earth-b27dfb9eab20?source=rss------vulnhub-5,btarigan,2022-11-13T17:05:58.857Z
CengBox: 1,https://medium.com/@furkanerentetik/cengbox-1-c2416ebf6e2f?source=rss------vulnhub-5,Furkan Eren Tetik,2022-11-12T23:57:04.032Z
OAuth and the flaws in its implementation,https://medium.com/@capturethebugs/oauth-and-the-flaws-in-its-implementation-be750d9e613c?source=rss------bug_bounty-5,Capture The Bug,2022-11-24T09:43:43.281Z
Deploying an AWS S3 static site to use Cloudflare WAF,https://spoofing.medium.com/deploying-an-aws-s3-static-site-to-use-cloudflare-waf-f2211934ca6f?source=rss------bug_bounty-5,Aditya Nama,2022-11-24T04:21:10.268Z
Top 10 Security Tools for Bug Bounty Hunters,https://medium.com/@mindhackdiva/top-10-security-tools-for-bug-bounty-hunters-946dafc34d2d?source=rss------bug_bounty-5,Mindhack Diva,2022-11-23T15:23:57.106Z
Git Exposed — Um breve overview da vulnerabilidade.,https://gabrieldkgh.medium.com/git-exposed-um-breve-overview-da-vulnerabilidade-585214a17915?source=rss------bug_bounty-5,Gabriel Lima,2022-11-23T17:01:00.829Z
Mt Pelerin Double Transaction Bugfix Review,https://medium.com/immunefi/mt-pelerin-double-transaction-bugfix-review-503838db3d70?source=rss------bug_bounty-5,Immunefi,2022-11-23T12:27:50.611Z
BITRA Comes To Azbit,https://medium.com/azbit-news/bitra-comes-to-azbit-c6fdae5a065b?source=rss------bug_bounty-5,Azbit,2022-11-23T08:40:40.230Z
How To Exploit CSRF In DVWA — StackZero,https://infosecwriteups.com/how-to-exploit-csrf-in-dvwa-stackzero-bf1b6b557d85?source=rss------bug_bounty-5,StackZero,2022-11-23T18:56:11.196Z
The Rise of Web 3.0 Security,https://shifacyclewala.medium.com/the-rise-of-web-3-0-security-d90373b64714?source=rss------bug_bounty-5,Shifa cyclewala,2022-11-22T18:56:13.741Z
Working with a scope using Gowitness,https://medium.com/@murami.ike/working-with-a-scope-using-gowitness-4d338b0321ac?source=rss------bug_bounty-5,Ike Murami,2022-11-23T05:41:28.067Z
Interesting Stored XSS via meta data,https://medium.com/pentesternepal/interesting-stored-xss-via-meta-data-eb8fe1de8b33?source=rss------bug_bounty-5,Veshraj Ghimire,2022-11-22T18:14:13.327Z
[TryHackMe] Cryptography — Encryption — Cyrpto101,https://tanseejou97.medium.com/tryhackme-cryptography-encryption-cyrpto101-a376454e842a?source=rss------info_sec_writeups-5,Tanseejou,2022-11-16T04:20:23.364Z
LetsDefend.io — SOC164 — Suspicious Mshta Behavior (114),https://medium.com/@saravra/letsdefend-io-soc164-suspicious-mshta-behavior-114-605c17f10cc5?source=rss------info_sec_writeups-5,Sara V,2022-11-16T15:16:55.192Z
Destroying The Scammers Portal,https://infosecwriteups.com/destroying-the-scammers-portal-a78b034fb4b2?source=rss------info_sec_writeups-5,Shashwat Kumar,2022-11-11T06:14:33.212Z
Hacking into Scammers Portal — 2,https://medium.com/@kunwaratulhax0r/hacking-into-scammers-portal-2-d1345e15f014?source=rss------info_sec_writeups-5,Kunwar Atul,2022-11-09T06:36:59.801Z
The story of a [P5] that lead me to a [P3] find,https://medium.com/@nireshpandian19/the-story-of-a-p5-that-lead-me-to-a-p3-find-3f8a5ea2c6e1?source=rss------info_sec_writeups-5,JAI NIRESH J,2022-10-13T14:54:21.812Z
EVIL-TWIN FAKE AP (ACCES-POINT),https://alwanwijayaxd.medium.com/evil-twin-fake-ap-acces-point-9de508fe8b8f?source=rss------info_sec_writeups-5,laluwan_w,2022-10-07T20:22:11.918Z
A Tale of Account Takeover,https://infosecwriteups.com/a-tale-of-account-takeover-fcae914f067b?source=rss------info_sec_writeups-5,Akshat singhal,2022-09-28T11:38:59.571Z
A detailed explanation of the Uber security breach,https://systemweakness.com/detailed-explanation-of-the-uber-security-breach-8295a2942e?source=rss------info_sec_writeups-5,Ayush Kumar Saxena,2022-10-09T22:24:17.246Z
Lets Hijack the Flight!!! O0P5 DLL..,https://ja1ir4m.medium.com/lets-hijack-the-flight-o0p5-dll-219435886d5b?source=rss------info_sec_writeups-5,ja1ir4m,2022-09-15T20:56:08.754Z
OhSINT — TryHackMe Walkthrough,https://bpandasec.medium.com/ohsint-tryhackme-walkthrough-b8d9a6d241a5?source=rss------info_sec_writeups-5,BODHENDU PANDA,2022-09-14T04:55:59.882Z
Resolute — Hack The Box,https://aliusmanclay67.medium.com/resolute-hack-the-box-ae7f8f68c78a?source=rss------hackthebox_writeup-5,Aliusmanclay67,2022-11-22T09:38:51.218Z
HackTheBox Starting Point Tier 1 machine: Sequel walkthrough,https://medium.com/@tenocijam/htb-sequel-walkthrough-1a5f499e96d1?source=rss------hackthebox_writeup-5,Sidharth H,2022-11-22T18:22:24.360Z
Admirer — Hack The Box WriteUp,https://medium.com/@redhammer/admirer-hack-the-box-writeup-7f88c34d2a2e?source=rss------hackthebox_writeup-5,redhammer,2022-11-21T14:30:19.376Z
HACK THE BOX — Squashed WALKTHROUGH,https://medium.com/@rahul_kumar_1/hack-the-box-squashed-walkthrough-1e86d332f4d8?source=rss------hackthebox_writeup-5,Rahul Kumar,2022-11-21T10:54:57.965Z
[HTB] Writeup: Photobomb,https://medium.com/@foxyhacks/htb-writeup-photobomb-71b1fc82feb0?source=rss------hackthebox_writeup-5,FoxyHacks,2022-11-21T17:11:05.871Z
HackTheBox Support Writeup,https://medium.com/@d188878/hackthebox-support-writeup-69fc8827c525?source=rss------hackthebox_writeup-5,d188878,2022-11-20T14:24:52.928Z
Squashed (htb) writeup,https://medium.com/@madfoxsec/squashed-htb-writeup-381b30c8e151?source=rss------hackthebox_writeup-5,Madfoxsec,2022-11-19T19:06:07.054Z
HackTheBox Starting Point Tier 1 machine: Appointment Walkthrough,https://medium.com/@tenocijam/htb-appointment-walkthrough-5325e5f799ba?source=rss------hackthebox_writeup-5,Sidharth H,2022-11-18T11:02:54.969Z
Hack The Box [HTB] — UpDown Walkthrough,https://systemweakness.com/hack-the-box-htb-updown-walkthrough-940cf677cdc?source=rss------hackthebox_writeup-5,FoxyHacks,2022-11-21T09:04:29.989Z
Hack The Box [HTB] Walkthrough: MetaTwo,https://systemweakness.com/hack-the-box-walkthrough-metatwo-19a0a199a32?source=rss------hackthebox_writeup-5,FoxyHacks,2022-11-18T06:59:12.593Z
OAuth and the flaws in its implementation,https://medium.com/@capturethebugs/oauth-and-the-flaws-in-its-implementation-be750d9e613c?source=rss------ethical_hacking-5,Capture The Bug,2022-11-24T09:43:43.281Z
THE ANATOMY OF KERBEROS AUTHENTICATION (AD BASICS 0x1),https://infosecwriteups.com/the-anatomy-of-kerberos-authentication-ad-basics-0x1-1532305a18a3?source=rss------ethical_hacking-5,Hashar Mujahid,2022-11-23T11:41:16.301Z
TRYHACKME: AnonForce(writeup),https://systemweakness.com/tryhackme-anonforce-writeup-507eca11b16d?source=rss------ethical_hacking-5,Ali AK,2022-11-23T12:28:00.315Z
Bug Bounty Tips and Getting Persistence With Electron Applications,https://infosecwriteups.com/bug-bounty-tips-and-getting-persistence-with-electron-applications-c538d4dda446?source=rss------ethical_hacking-5,bob van der staak,2022-11-22T09:06:00.995Z
Top Most Disgusting Myths & Jaw-Dropping Revelations About Ethical Hacking,https://medium.com/@mishifato839/top-most-disgusting-myths-jaw-dropping-revelations-about-ethical-hacking-a5cd62a24339?source=rss------ethical_hacking-5,Alisha Fatima,2022-11-21T18:48:27.894Z
Main app methodology : Bug bounties,https://systemweakness.com/main-app-methodology-bug-bounties-8681dbc0d58c?source=rss------ethical_hacking-5,Falken Smaze,2022-11-23T12:28:24.192Z
Starting a Career in Cybersecurity (and Succeed!),https://medium.com/@dfpluc/starting-a-career-in-cybersecurity-and-succeed-21c47cd4f94c?source=rss------ethical_hacking-5,David Pereira,2022-11-21T15:56:06.322Z
OSI Model,https://bharath.medium.com/osi-model-a8765dec22e2?source=rss------ethical_hacking-5,Bharath,2022-11-21T14:27:11.470Z
Ethical hacking,https://medium.com/@surya345raj/ethical-hacking-a3cfdc31f30f?source=rss------ethical_hacking-5,Suryaraj,2022-11-21T13:19:22.400Z
Noname launches Recon — The Easiest Way To Secure Your APIs,https://medium.com/@NewGens/noname-launches-recon-the-easiest-way-to-secure-your-apis-cd16f90dd153?source=rss------api_security-5,NewGens,2022-11-24T05:30:40.633Z
OWASP TOP 10,https://medium.com/elevator-pitches/owasp-top-10-8f0e4a919bf8?source=rss------api_security-5,Me Writes,2022-11-21T01:39:59.752Z
API Security — Trust No One,https://medium.com/@Sherif.Sallam/api-security-trust-no-one-9484f3518c04?source=rss------api_security-5,Sherif Sallam,2022-11-15T00:28:32.014Z
"Why Is API Security Different, and How Can OpenAPI Spec Help?",https://medium.com/@nevatechinc/why-is-api-security-different-and-how-can-openapi-spec-help-e7c9f6958df6?source=rss------api_security-5,NevatecI inc,2022-11-12T03:18:02.701Z
API Trends for 2023,https://productcoalition.com/api-trends-for-2023-ccc2817e57ac?source=rss------api_security-5,Scott Middleton,2022-11-10T04:07:05.390Z
The API Security Checklist,https://breachdirectory.medium.com/the-api-security-checklist-e85c8fac1de9?source=rss------api_security-5,BreachDirectory,2022-11-08T18:02:33.776Z
API Security,https://medium.com/another-integration-blog/api-security-f21a44e624f7?source=rss------api_security-5,Tintu JS,2022-11-07T17:51:47.958Z
Análise de endpoint — Engenharia Reversa de APIs com Mitmproxy,https://medium.com/@FernandoDebrand/an%C3%A1lise-de-endpoint-engenharia-reversa-de-apis-com-mitmproxy-a1f11650feb1?source=rss------api_security-5,Fernando Silva,2022-11-07T01:46:42.476Z
What is API Security and Why is It Important?,https://cybertrends-indusface.medium.com/what-is-api-security-and-why-is-it-important-44c4b7b4f5e?source=rss------api_security-5,Indusface,2022-11-04T11:17:26.260Z
API Security: What Over 50 Organisations Say,https://medium.com/@scotty.middleton/api-security-what-over-50-organisations-say-7eccbdc00d3?source=rss------api_security-5,Scott Middleton,2022-11-03T02:26:59.328Z
Html File Upload Lead to A.T.O in Indonesian Government Site,https://medium.com/@anonhq46/html-file-upload-lead-to-a-t-o-in-indonesian-government-site-b5451592bbe7?source=rss------hacking-5,Lndn,2022-11-24T10:24:10.569Z
CYBER TALENTS:CRACK THE HASH CHALLENGE WRITE-UP,https://robertnyinge.medium.com/cyber-talents-crack-the-hash-challenge-write-up-d05e7d6a3b6d?source=rss------hacking-5,Robert Nyinge,2022-11-24T10:00:51.335Z
Kubernetes Made simple,https://medium.com/@dragon_46228/kubernetes-made-simple-969136d0be69?source=rss------cybersecurity-5,DALBIR SINGH,2022-11-24T10:56:23.249Z
CYBER TALENTS:CRACK THE HASH CHALLENGE WRITE-UP,https://robertnyinge.medium.com/cyber-talents-crack-the-hash-challenge-write-up-d05e7d6a3b6d?source=rss------cybersecurity-5,Robert Nyinge,2022-11-24T10:00:51.335Z
How Cyber Security Affects Us,https://medium.com/@Sebastian9/how-cyber-security-affects-us-abe2a34d7c9?source=rss------cybersecurity-5,Sebastian,2022-11-24T09:49:17.674Z
CYBER TALENTS:CRACK THE HASH CHALLENGE WRITE-UP,https://robertnyinge.medium.com/cyber-talents-crack-the-hash-challenge-write-up-d05e7d6a3b6d?source=rss------ctf-5,Robert Nyinge,2022-11-24T10:00:51.335Z
Html File Upload Lead to A.T.O in Indonesian Government Site,https://medium.com/@anonhq46/html-file-upload-lead-to-a-t-o-in-indonesian-government-site-b5451592bbe7?source=rss------penetration_testing-5,Lndn,2022-11-24T10:24:10.569Z
TryHackMe Overpass 2 — Hacked (Wireshark Guide),https://medium.com/@amirkartik.ak/tryhackme-overpass-2-hacked-wireshark-guide-952740ed0576?source=rss------tryhackme-5,Amir kartik,2022-11-24T10:52:42.237Z
Html File Upload Lead to A.T.O in Indonesian Government Site,https://medium.com/@anonhq46/html-file-upload-lead-to-a-t-o-in-indonesian-government-site-b5451592bbe7?source=rss------bug_bounty-5,Lndn,2022-11-24T10:24:10.569Z
Secure Your WhatsApp,https://medium.com/@albertmjony/secure-your-whatsapp-1f26995b66b7?source=rss------ethical_hacking-5,Albert Zames,2022-11-24T10:55:04.859Z
